{"stats":{"minecraft:killed":{"minecraft:sheep":9,"minecraft:iron_golem":1,"minecraft:cow":5},"minecraft:dropped":{"minecraft:wooden_axe":2,"minecraft:wooden_pickaxe":2},"minecraft:mined":{"minecraft:hay_block":21,"minecraft:crafting_table":1,"minecraft:grass":1,"minecraft:grass_block":4,"minecraft:oak_log":6,"minecraft:dirt_path":1,"minecraft:dirt":2,"minecraft:stripped_oak_log":4,"minecraft:stone":7},"minecraft:used":{"minecraft:apple":1,"minecraft:bread":1,"minecraft:stone_pickaxe":8,"minecraft:oak_planks":3,"minecraft:wooden_pickaxe":9,"minecraft:stone_axe":46,"minecraft:dirt":6,"minecraft:crafting_table":2},"minecraft:picked_up":{"minecraft:wooden_axe":1,"minecraft:stripped_oak_log":4,"minecraft:crafting_table":1,"minecraft:brown_wool":1,"minecraft:leather":6,"minecraft:wooden_pickaxe":1,"minecraft:oak_log":6,"minecraft:dirt":7,"minecraft:apple":1,"minecraft:hay_block":21,"minecraft:beef":11,"minecraft:iron_ingot":3,"minecraft:oak_sapling":1,"minecraft:black_wool":1,"minecraft:mutton":14,"minecraft:white_wool":6,"minecraft:cobblestone":7},"minecraft:crafted":{"minecraft:oak_planks":40,"minecraft:crafting_table":2,"minecraft:stick":8,"minecraft:wooden_pickaxe":1,"minecraft:stone_pickaxe":1,"minecraft:wooden_axe":1,"minecraft:stone_axe":1,"minecraft:wheat":189},"minecraft:custom":{"minecraft:time_since_rest":9749,"minecraft:sprint_one_cm":25530,"minecraft:walk_one_cm":11233,"minecraft:mob_kills":15,"minecraft:drop":4,"minecraft:damage_dealt":2220,"minecraft:interact_with_crafting_table":2,"minecraft:fly_one_cm":41114,"minecraft:open_chest":1,"minecraft:crouch_one_cm":4611,"minecraft:play_time":9749,"minecraft:sneak_time":1133,"minecraft:jump":207,"minecraft:leave_game":1,"minecraft:time_since_death":9749,"minecraft:total_world_time":9749,"minecraft:fall_one_cm":5939}},"DataVersion":3465}