{"stats":{"minecraft:used":{"minecraft:dirt":6,"minecraft:cobblestone":2,"minecraft:crafting_table":1,"minecraft:stone_shovel":4,"minecraft:wooden_pickaxe":6},"minecraft:custom":{"minecraft:time_since_rest":3243,"minecraft:crouch_one_cm":259,"minecraft:play_time":3243,"minecraft:sprint_one_cm":4238,"minecraft:damage_taken":20,"minecraft:walk_one_cm":4109,"minecraft:sneak_time":149,"minecraft:jump":49,"minecraft:leave_game":1,"minecraft:time_since_death":3243,"minecraft:total_world_time":3243,"minecraft:interact_with_crafting_table":2,"minecraft:fall_one_cm":691,"minecraft:fly_one_cm":28771},"minecraft:picked_up":{"minecraft:oak_log":4,"minecraft:oak_sapling":1,"minecraft:dirt":12,"minecraft:cobblestone":3},"minecraft:mined":{"minecraft:grass_block":6,"minecraft:oak_log":4,"minecraft:dirt":6,"minecraft:cobblestone":1,"minecraft:stone":2},"minecraft:crafted":{"minecraft:oak_planks":16,"minecraft:stone_shovel":1,"minecraft:crafting_table":1,"minecraft:stick":4,"minecraft:wooden_pickaxe":1}},"DataVersion":3465}